<?xml version="1.0" encoding="utf-8" ?><dwsync><file name="015stairs_.jpg" server="pboylephotography.com" local="3612111730" remote="3612924060" Dst="-1" /><file name="015stairs_.psd" server="pboylephotography.com" local="3612111671" remote="3612924060" Dst="-1" /><file name="_DSC0228.jpg" server="pboylephotography.com" local="3612106026" remote="3612924060" Dst="-1" /><file name="_DSC4770.jpg" server="pboylephotography.com" local="3612106026" remote="3612924060" Dst="-1" /><file name="_DSC6296.jpg" server="pboylephotography.com" local="3612106026" remote="3612924060" Dst="-1" /><file name="Architecture.jpg" server="pboylephotography.com" local="3611630178" remote="3612924060" Dst="-1" /><file name="Commercial.jpg" server="pboylephotography.com" local="3611630124" remote="3612924060" Dst="-1" /><file name="Construction.jpg" server="pboylephotography.com" local="3611639920" remote="3612924060" Dst="-1" /><file name="EstateAgent.jpg" server="pboylephotography.com" local="3611630142" remote="3612924060" Dst="-1" /><file name="_DSC8847.jpg" server="pboylephotography.com" local="3612106026" remote="3612924060" Dst="-1" /><file name="Exterior1.jpg" server="pboylephotography.com" local="3612106026" remote="3612924060" Dst="-1" /><file name="Detail2.jpg" server="pboylephotography.com" local="3612106026" remote="3612924060" Dst="-1" /><file name="Garden 2.jpg" server="pboylephotography.com" local="3612106026" remote="3612924120" Dst="-1" /><file name="HC-44.jpg" server="pboylephotography.com" local="3612106026" remote="3612924060" Dst="-1" /><file name="FiatFactory1.jpg" server="pboylephotography.com" local="3612106026" remote="3612924060" Dst="-1" /><file name="Living Room 1e.jpg" server="pboylephotography.com" local="3612106026" remote="3612924060" Dst="-1" /><file name="Night3.jpg" server="pboylephotography.com" local="3612106026" remote="3612924120" Dst="-1" /><file name="Opener.jpg" server="pboylephotography.com" local="3611630092" remote="3612924060" Dst="-1" /><file name="Sainsbury-4.jpg" server="pboylephotography.com" local="3612114598" remote="3612924120" Dst="-1" /><file name="Living Room 1e.jpg" server="www.pboylephotography.com" local="3615619784" remote="3618120660" Dst="-1" /><file name="_DSC8847.jpg" server="www.pboylephotography.com" local="3615619720" remote="3618120720" Dst="-1" /><file name="Sainsbury-4.jpg" server="www.pboylephotography.com" local="3615619814" remote="3618120720" Dst="-1" /><file name="Detail2.jpg" server="www.pboylephotography.com" local="3615619764" remote="3618120720" Dst="-1" /><file name="EstateAgent.jpg" server="www.pboylephotography.com" local="3615619752" remote="3618120720" Dst="-1" /><file name="_DSC0228.jpg" server="www.pboylephotography.com" local="3615619658" remote="3618120720" Dst="-1" /><file name="Opener.jpg" server="www.pboylephotography.com" local="3615619788" remote="3618120780" Dst="-1" /><file name="Night3.jpg" server="www.pboylephotography.com" local="3615619802" remote="3618120780" Dst="-1" /><file name="Commercial.jpg" server="www.pboylephotography.com" local="3615619744" remote="3618120780" Dst="-1" /><file name="HC-44.jpg" server="www.pboylephotography.com" local="3615619750" remote="3618120780" Dst="-1" /><file name="015stairs_.jpg" server="www.pboylephotography.com" local="3615619736" remote="3618120780" Dst="-1" /><file name="_DSC4770.jpg" server="www.pboylephotography.com" local="3615619680" remote="3618120840" Dst="-1" /><file name="Exterior1.jpg" server="www.pboylephotography.com" local="3615619748" remote="3618120900" Dst="-1" /><file name="015stairs_.psd" server="www.pboylephotography.com" local="3615619640" remote="3618120960" Dst="-1" /><file name="Garden 2.jpg" server="www.pboylephotography.com" local="3615619788" remote="3618120960" Dst="-1" /><file name="_DS_Store" server="www.pboylephotography.com" local="3615619736" remote="3618120960" Dst="-1" /><file name="Construction.jpg" server="www.pboylephotography.com" local="3615619726" remote="3618120960" Dst="-1" /><file name="_DSC6296.jpg" server="www.pboylephotography.com" local="3615619698" remote="3618121020" Dst="-1" /><file name="Architecture.jpg" server="www.pboylephotography.com" local="3615619758" remote="3618121020" Dst="-1" /><file name="FiatFactory1.jpg" server="www.pboylephotography.com" local="3615619764" remote="3618121020" Dst="-1" /></dwsync>