<?xml version="1.0" encoding="utf-8" ?><dwsync><file name="ashburnhamroad.html" server="www.pboylephotography.com" local="3618135282" remote="3618120300" Dst="-1" /><file name="landsdownhotel.html" server="www.pboylephotography.com" local="3618135687" remote="3618120300" Dst="-1" /><file name="alainmanoukianstore.html" server="www.pboylephotography.com" local="3618135181" remote="3618120300" Dst="-1" /><file name="index.html" server="www.pboylephotography.com" local="3618135123" remote="3618120300" Dst="-1" /><file name="hastingscollege.html" server="www.pboylephotography.com" local="3618135661" remote="3618120300" Dst="-1" /><file name="marina.html" server="www.pboylephotography.com" local="3618135721" remote="3618120300" Dst="-1" /><file name="construction.html" server="www.pboylephotography.com" local="3618135559" remote="3618120300" Dst="-1" /><file name="about.html" server="www.pboylephotography.com" local="3618135154" remote="3618120300" Dst="-1" /><file name="stpaulschurch.html" server="www.pboylephotography.com" local="3618135847" remote="3618121020" Dst="-1" /><file name="padstonebathrooms.html" server="www.pboylephotography.com" local="3618135778" remote="3618121020" Dst="-1" /><file name="services copy.html" server="www.pboylephotography.com" local="3618135811" remote="3618121020" Dst="-1" /><file name="hawthorns.html" server="www.pboylephotography.com" local="3618135673" remote="3618121020" Dst="-1" /><file name="variouscommercial.html" server="www.pboylephotography.com" local="3618135882" remote="3618121020" Dst="-1" /><file name="architecture.html" server="www.pboylephotography.com" local="3618135261" remote="3618121020" Dst="-1" /><file name="gardencourt.html" server="www.pboylephotography.com" local="3618135637" remote="3618121020" Dst="-1" /><file name="ethamlane.html" server="www.pboylephotography.com" local="3618135613" remote="3618121020" Dst="-1" /><file name="woodbasedjoiners.html" server="www.pboylephotography.com" local="3618135893" remote="3618121020" Dst="-1" /><file name="plascoch.html" server="www.pboylephotography.com" local="3618135799" remote="3618121020" Dst="-1" /><file name="lutyenshouse.html" server="www.pboylephotography.com" local="3618135708" remote="3618121020" Dst="-1" /><file name="copyholdbarn.html" server="www.pboylephotography.com" local="3618135572" remote="3618121020" Dst="-1" /><file name="marinecourt.html" server="www.pboylephotography.com" local="3618135756" remote="3618121020" Dst="-1" /><file name="emless.html" server="www.pboylephotography.com" local="3618135589" remote="3618121020" Dst="-1" /><file name="gallery.html" server="www.pboylephotography.com" local="3618135625" remote="3618121020" Dst="-1" /><file name="hanstonehouse.html" server="www.pboylephotography.com" local="3618135650" remote="3618121020" Dst="-1" /><file name="somersethouse.html" server="www.pboylephotography.com" local="3618135835" remote="3618121020" Dst="-1" /><file name="commercial.html" server="www.pboylephotography.com" local="3618135313" remote="3618121020" Dst="-1" /><file name="pageslane.html" server="www.pboylephotography.com" local="3618135789" remote="3618121020" Dst="-1" /><file name="services.html" server="www.pboylephotography.com" local="3618135824" remote="3618121020" Dst="-1" /><file name="beachaven.html" server="www.pboylephotography.com" local="3618135301" remote="3618121020" Dst="-1" /><file name="markwichterrace.html" server="www.pboylephotography.com" local="3618135767" remote="3618121020" Dst="-1" /><file name="sunlounge.html" server="www.pboylephotography.com" local="3618135861" remote="3618121020" Dst="-1" /><file name="estateagents.html" server="www.pboylephotography.com" local="3618135602" remote="3618121020" Dst="-1" /><file name="thechapel.html" server="www.pboylephotography.com" local="3618135871" remote="3618121020" Dst="-1" /><file name="_DS_Store" server="www.pboylephotography.com" local="3615714242" remote="3618121020" Dst="-1" /></dwsync>