<?xml version="1.0" encoding="utf-8" ?><dwsync><file name="008plascoch__.jpg" server="www.pboylephotography.com" local="3617872392" remote="3618120540" Dst="-1" /><file name="001plascoch__.jpg" server="www.pboylephotography.com" local="3617872392" remote="3618120540" Dst="-1" /><file name="005plascoch__.jpg" server="www.pboylephotography.com" local="3617872392" remote="3618120540" Dst="-1" /><file name="006plascoch__.jpg" server="www.pboylephotography.com" local="3617872392" remote="3618120540" Dst="-1" /><file name="002plascoch__.jpg" server="www.pboylephotography.com" local="3617872392" remote="3618120540" Dst="-1" /><file name="007plascoch__.jpg" server="www.pboylephotography.com" local="3617872392" remote="3618120540" Dst="-1" /><file name="003plascoch__.jpg" server="www.pboylephotography.com" local="3617872392" remote="3618120540" Dst="-1" /><file name="004plascoch__.jpg" server="www.pboylephotography.com" local="3617872392" remote="3618120540" Dst="-1" /><file name="009plascoch__.jpg" server="www.pboylephotography.com" local="3617872392" remote="3618120540" Dst="-1" /></dwsync>