<?xml version="1.0" encoding="utf-8" ?><dwsync><file name="006construction__.jpg" server="www.pboylephotography.com" local="3617879410" remote="3618120600" Dst="-1" /><file name="002construction__.jpg" server="www.pboylephotography.com" local="3617879410" remote="3618120600" Dst="-1" /><file name="003construction__.jpg" server="www.pboylephotography.com" local="3617879410" remote="3618120600" Dst="-1" /><file name="004construction__.jpg" server="www.pboylephotography.com" local="3617879410" remote="3618120600" Dst="-1" /><file name="005construction__.jpg" server="www.pboylephotography.com" local="3617879410" remote="3618120600" Dst="-1" /><file name="007construction__.jpg" server="www.pboylephotography.com" local="3618043209" remote="3618120600" Dst="-1" /><file name="015construction__.jpg" server="www.pboylephotography.com" local="3617879410" remote="3618120600" Dst="-1" /><file name="001construction__.jpg" server="www.pboylephotography.com" local="3618042870" remote="3618120600" Dst="-1" /><file name="009construction__.jpg" server="www.pboylephotography.com" local="3617879410" remote="3618120600" Dst="-1" /><file name="014construction__.jpg" server="www.pboylephotography.com" local="3617879410" remote="3618120600" Dst="-1" /><file name="010construction__.jpg" server="www.pboylephotography.com" local="3617879410" remote="3618120600" Dst="-1" /><file name="011construction__.jpg" server="www.pboylephotography.com" local="3617879410" remote="3618120660" Dst="-1" /><file name="013construction__.jpg" server="www.pboylephotography.com" local="3617879410" remote="3618120660" Dst="-1" /><file name="008construction_.jpg" server="www.pboylephotography.com" local="3617879410" remote="3618120660" Dst="-1" /><file name="012construction__.jpg" server="www.pboylephotography.com" local="3617879410" remote="3618120660" Dst="-1" /></dwsync>