<?xml version="1.0" encoding="utf-8" ?><dwsync><file name="007Hamstone__.jpg" server="www.pboylephotography.com" local="3617869960" remote="3618120480" Dst="-1" /><file name="003Hamstone__.jpg" server="www.pboylephotography.com" local="3617869960" remote="3618120480" Dst="-1" /><file name="004Hamstone__.jpg" server="www.pboylephotography.com" local="3617869960" remote="3618120480" Dst="-1" /><file name="009Hamstone__.jpg" server="www.pboylephotography.com" local="3617869960" remote="3618120480" Dst="-1" /><file name="008Hamstone__.jpg" server="www.pboylephotography.com" local="3617869960" remote="3618120480" Dst="-1" /><file name="001Hamstone__.jpg" server="www.pboylephotography.com" local="3617869960" remote="3618120480" Dst="-1" /><file name="005Hamstone__.jpg" server="www.pboylephotography.com" local="3617869960" remote="3618120480" Dst="-1" /><file name="002Hamstone__.jpg" server="www.pboylephotography.com" local="3617869960" remote="3618120480" Dst="-1" /><file name="006Hamstone__.jpg" server="www.pboylephotography.com" local="3617869960" remote="3618120480" Dst="-1" /></dwsync>