<?xml version="1.0" encoding="utf-8" ?><dwsync><file name="005lytchens__.jpg" server="www.pboylephotography.com" local="3617874262" remote="3618120600" Dst="-1" /><file name="006lytchens__.jpg" server="www.pboylephotography.com" local="3617874264" remote="3618120600" Dst="-1" /><file name="001lytchens__.jpg" server="www.pboylephotography.com" local="3617874262" remote="3618120600" Dst="-1" /><file name="002lytchens__.jpg" server="www.pboylephotography.com" local="3617874262" remote="3618120600" Dst="-1" /><file name="008lytchens__.jpg" server="www.pboylephotography.com" local="3617874264" remote="3618120600" Dst="-1" /><file name="009lytchens__.jpg" server="www.pboylephotography.com" local="3617874264" remote="3618120600" Dst="-1" /><file name="003lytchens__.jpg" server="www.pboylephotography.com" local="3617874262" remote="3618120600" Dst="-1" /><file name="007lytchens__.jpg" server="www.pboylephotography.com" local="3617874264" remote="3618120600" Dst="-1" /><file name="004lytchens__.jpg" server="www.pboylephotography.com" local="3617874262" remote="3618120600" Dst="-1" /></dwsync>