<?xml version="1.0" encoding="utf-8" ?><dwsync><file name="007hawthorns__.jpg" server="www.pboylephotography.com" local="3617870440" remote="3618120480" Dst="-1" /><file name="008hawthorns__.jpg" server="www.pboylephotography.com" local="3617870440" remote="3618120480" Dst="-1" /><file name="009hawthorns__.jpg" server="www.pboylephotography.com" local="3617870440" remote="3618120480" Dst="-1" /><file name="006hawthorns__.jpg" server="www.pboylephotography.com" local="3617870440" remote="3618120480" Dst="-1" /><file name="001hawthorns__.jpg" server="www.pboylephotography.com" local="3617870440" remote="3618120480" Dst="-1" /><file name="004hawthorns__.jpg" server="www.pboylephotography.com" local="3617870440" remote="3618120540" Dst="-1" /><file name="003hawthorns__.jpg" server="www.pboylephotography.com" local="3617870440" remote="3618120540" Dst="-1" /><file name="002hawthorns__.jpg" server="www.pboylephotography.com" local="3617870440" remote="3618120540" Dst="-1" /><file name="005hawthorns__.jpg" server="www.pboylephotography.com" local="3617870440" remote="3618120540" Dst="-1" /></dwsync>