<?xml version="1.0" encoding="utf-8" ?><dwsync><file name="009somersethouse_.jpg" server="www.pboylephotography.com" local="3617872556" remote="3618120540" Dst="-1" /><file name="008entrance_.jpg" server="www.pboylephotography.com" local="3617872556" remote="3618120540" Dst="-1" /><file name="002entrance_.jpg" server="www.pboylephotography.com" local="3617872554" remote="3618120540" Dst="-1" /><file name="003entrance_.jpg" server="www.pboylephotography.com" local="3617872554" remote="3618120540" Dst="-1" /><file name="006entrance_.jpg" server="www.pboylephotography.com" local="3617872556" remote="3618120540" Dst="-1" /><file name="004vestibule_.jpg" server="www.pboylephotography.com" local="3617872554" remote="3618120540" Dst="-1" /><file name="001courtyard_.jpg" server="www.pboylephotography.com" local="3617872554" remote="3618120540" Dst="-1" /><file name="007shop_.jpg" server="www.pboylephotography.com" local="3617872556" remote="3618120540" Dst="-1" /><file name="005lobby_.jpg" server="www.pboylephotography.com" local="3617872554" remote="3618120540" Dst="-1" /></dwsync>