<?xml version="1.0" encoding="utf-8" ?><dwsync><file name="004hastingscol__.jpg" server="www.pboylephotography.com" local="3617870082" remote="3618120600" Dst="-1" /><file name="005hastingscol__.jpg" server="www.pboylephotography.com" local="3617870082" remote="3618120600" Dst="-1" /><file name="001hastingscol__.jpg" server="www.pboylephotography.com" local="3617870082" remote="3618120600" Dst="-1" /><file name="006hastingscol__.jpg" server="www.pboylephotography.com" local="3617870082" remote="3618120600" Dst="-1" /><file name="002hastingscol__.jpg" server="www.pboylephotography.com" local="3617870082" remote="3618120600" Dst="-1" /><file name="009hastingscol__.jpg" server="www.pboylephotography.com" local="3617870082" remote="3618120600" Dst="-1" /><file name="007hastingscol__.jpg" server="www.pboylephotography.com" local="3617870082" remote="3618120600" Dst="-1" /><file name="003hastingscol__.jpg" server="www.pboylephotography.com" local="3617870082" remote="3618120600" Dst="-1" /><file name="008hastingscol__.jpg" server="www.pboylephotography.com" local="3617870082" remote="3618120600" Dst="-1" /></dwsync>