<?xml version="1.0" encoding="utf-8" ?><dwsync><file name="d1finished.svg" server="www.pboylephotography.com" local="3616579134" remote="3618120300" Dst="-1" /><file name="d1new.svg" server="www.pboylephotography.com" local="3616567340" remote="3618120300" Dst="-1" /><file name="instagram1.svg" server="www.pboylephotography.com" local="3616580440" remote="3618120300" Dst="-1" /><file name="instagram2.svg" server="www.pboylephotography.com" local="3616580413" remote="3618120300" Dst="-1" /><file name="d2finished.svg" server="www.pboylephotography.com" local="3616579097" remote="3618120300" Dst="-1" /><file name="d2newa.ai" server="www.pboylephotography.com" local="3616568612" remote="3618120360" Dst="-1" /><file name="d1new.ai" server="www.pboylephotography.com" local="3616567235" remote="3618120360" Dst="-1" /><file name="linkedin2.svg" server="www.pboylephotography.com" local="3616580303" remote="3618120360" Dst="-1" /><file name="d2new.ai" server="www.pboylephotography.com" local="3616567285" remote="3618120360" Dst="-1" /><file name="favicon.jpg" server="www.pboylephotography.com" local="3617795895" remote="3618120360" Dst="-1" /><file name="favicon.png" server="www.pboylephotography.com" local="3617796045" remote="3618120360" Dst="-1" /><file name="linkedin1.svg" server="www.pboylephotography.com" local="3616580320" remote="3618120360" Dst="-1" /><file name="d2new.svg" server="www.pboylephotography.com" local="3616567326" remote="3618120360" Dst="-1" /><file name="d2newa.svg" server="www.pboylephotography.com" local="3616568892" remote="3618121020" Dst="-1" /><file name="facebook2.svg" server="www.pboylephotography.com" local="3618133333" remote="3618121020" Dst="-1" /><file name="facebook1.svg" server="www.pboylephotography.com" local="3618133269" remote="3618121020" Dst="-1" /><file name="favicon.ai" server="www.pboylephotography.com" local="3617795524" remote="3618121020" Dst="-1" /><file name="005facade_copy.jpg" server="www.pboylephotography.com" local="3615620012" remote="3618121020" Dst="-1" /><file name="linkedin1.png" server="www.pboylephotography.com" local="3616580133" remote="3618121020" Dst="-1" /><file name="favicon.svg" server="www.pboylephotography.com" local="3617795822" remote="3618121020" Dst="-1" /><file name="linkedin2.png" server="www.pboylephotography.com" local="3616580243" remote="3618121020" Dst="-1" /><file name="d1newa.svg" server="www.pboylephotography.com" local="3616568870" remote="3618121020" Dst="-1" /><file name="d1newa.ai" server="www.pboylephotography.com" local="3616567780" remote="3618121020" Dst="-1" /></dwsync>