<?xml version="1.0" encoding="utf-8" ?><dwsync><file name="001copyhold__.jpg" server="www.pboylephotography.com" local="3617869810" remote="3618120540" Dst="-1" /><file name="005copyhold__.jpg" server="www.pboylephotography.com" local="3617869810" remote="3618120540" Dst="-1" /><file name="002copyhold__.jpg" server="www.pboylephotography.com" local="3617869810" remote="3618120540" Dst="-1" /><file name="006copyhold__.jpg" server="www.pboylephotography.com" local="3617869810" remote="3618120540" Dst="-1" /><file name="008copyhold__.jpg" server="www.pboylephotography.com" local="3617869812" remote="3618120540" Dst="-1" /><file name="009copyhold__.jpg" server="www.pboylephotography.com" local="3617869812" remote="3618120540" Dst="-1" /><file name="007copyhold__.jpg" server="www.pboylephotography.com" local="3617869812" remote="3618120540" Dst="-1" /><file name="003copyhold__.jpg" server="www.pboylephotography.com" local="3617869810" remote="3618120540" Dst="-1" /><file name="004copyhold__.jpg" server="www.pboylephotography.com" local="3617869810" remote="3618120540" Dst="-1" /></dwsync>