<?xml version="1.0" encoding="utf-8" ?><dwsync><file name="007stpauls__.jpg" server="www.pboylephotography.com" local="3617874470" remote="3618120540" Dst="-1" /><file name="006stpauls__.jpg" server="www.pboylephotography.com" local="3617874470" remote="3618120540" Dst="-1" /><file name="007exterior_.jpg" server="www.pboylephotography.com" local="3615620150" remote="3618120540" Dst="-1" /><file name="001stpauls__.jpg" server="www.pboylephotography.com" local="3617874468" remote="3618120540" Dst="-1" /><file name="003stpauls__.jpg" server="www.pboylephotography.com" local="3617874468" remote="3618120540" Dst="-1" /><file name="004stpauls__.jpg" server="www.pboylephotography.com" local="3617874470" remote="3618120540" Dst="-1" /><file name="008stpauls__.jpg" server="www.pboylephotography.com" local="3617874470" remote="3618120540" Dst="-1" /><file name="005stpauls__.jpg" server="www.pboylephotography.com" local="3617874470" remote="3618120540" Dst="-1" /><file name="009stpauls__.jpg" server="www.pboylephotography.com" local="3617874470" remote="3618120540" Dst="-1" /><file name="002stpauls__.jpg" server="www.pboylephotography.com" local="3617874468" remote="3618120540" Dst="-1" /></dwsync>