<?xml version="1.0" encoding="utf-8" ?><dwsync><file name="chart-bar-solid.svg" server="www.pboylephotography.com" local="3615714252" remote="3618121020" Dst="-1" /><file name="html5-brands.svg" server="www.pboylephotography.com" local="3615714264" remote="3618121020" Dst="-1" /><file name="css3-alt-brands.svg" server="www.pboylephotography.com" local="3615714260" remote="3618121020" Dst="-1" /><file name="css3-alt-brands-copy.svg" server="www.pboylephotography.com" local="3615714256" remote="3618121020" Dst="-1" /><file name="html5-brands-copy.svg" server="www.pboylephotography.com" local="3615714262" remote="3618121020" Dst="-1" /><file name="python-brands.svg" server="www.pboylephotography.com" local="3615714276" remote="3618121020" Dst="-1" /><file name="pencil-alt-solid-copy.svg" server="www.pboylephotography.com" local="3615714276" remote="3618121020" Dst="-1" /><file name="js-square-brands.svg" server="www.pboylephotography.com" local="3615714266" remote="3618121020" Dst="-1" /><file name="python-brands-copy.svg" server="www.pboylephotography.com" local="3615714274" remote="3618121020" Dst="-1" /><file name="logogiff.gif" server="www.pboylephotography.com" local="3615714272" remote="3618121020" Dst="-1" /><file name="logo2.svg" server="www.pboylephotography.com" local="3615714270" remote="3618121020" Dst="-1" /><file name="chart-bar-solid-copy.svg" server="www.pboylephotography.com" local="3615714250" remote="3618121020" Dst="-1" /><file name="Logo1.svg" server="www.pboylephotography.com" local="3615714268" remote="3618121020" Dst="-1" /><file name="js-square-brands-copy.svg" server="www.pboylephotography.com" local="3615714264" remote="3618121020" Dst="-1" /><file name="code-coding-computer-574071.jpg" server="www.pboylephotography.com" local="3615714254" remote="3618121020" Dst="-1" /><file name="pencil-alt-solid.svg" server="www.pboylephotography.com" local="3615714278" remote="3618121020" Dst="-1" /></dwsync>